{
  "wins": 21,
  "losses": 50,
  "draws": 9,
  "decided": 71,
  "winrate": 0.29577464788732394,
  "lift_vs_50pct": -20.422535211267608,
  "bench_time_sec": 1044.5897271633148
}