{
  "wins": 21,
  "losses": 46,
  "draws": 13,
  "decided": 67,
  "winrate": 0.31343283582089554,
  "lift_vs_50pct": -18.656716417910445,
  "bench_time_sec": 1045.3472027778625
}