{
  "wins": 17,
  "losses": 19,
  "draws": 4,
  "decided": 36,
  "winrate": 0.4722222222222222,
  "lift_vs_50pct": -2.777777777777779,
  "ckpt_games": 5000,
  "bench_time_sec": 495.80027174949646
}